{"options":{},"indexes":[{"v":2,"key":{"_id":1},"name":"_id_","ns":"portaldb.patient"},{"v":2,"key":{"globalId":1},"name":"globalId_1","ns":"portaldb.patient"},{"v":2,"key":{"tenantIds":1,"dateOfBirth.year":1,"dateOfBirth.month":1,"dateOfBirth.day":1},"name":"tenantIdsDOB","ns":"portaldb.patient","background":true},{"v":2,"key":{"dateOfBirth.year":1,"dateOfBirth.month":1,"dateOfBirth.day":1},"name":"DOB","ns":"portaldb.patient","background":true},{"v":2,"key":{"tenantIds":1,"firstNameLowercase":1,"_id":1},"name":"tenantIdsFirstNameLowercaseId","ns":"portaldb.patient","background":true},{"v":2,"key":{"firstNameLowercase":1},"name":"firstNameLowercase","ns":"portaldb.patient","background":true},{"v":2,"key":{"firstName":1,"firstNameLowercase":1},"name":"firstNameAndLowercase","ns":"portaldb.patient","background":true},{"v":2,"key":{"tenantIds":1,"lastNameLowercase":1,"_id":1},"name":"tenantIdsLastNameLowercaseId","ns":"portaldb.patient","background":true},{"v":2,"key":{"lastNameLowercase":1},"name":"lastNameLowercase","ns":"portaldb.patient","background":true},{"v":2,"key":{"lastName":1,"lastNameLowercase":1},"name":"lastNameAndLowercase","ns":"portaldb.patient","background":true},{"v":2,"key":{"tenantIds":1,"globalId":1},"name":"tenantIdsGlobalId","ns":"portaldb.patient","background":true},{"v":2,"key":{"mergedIds":1},"name":"mergedIds","ns":"portaldb.patient","background":true},{"v":2,"key":{"tenantIds":1,"id2":1},"name":"tenantIdsId2","ns":"portaldb.patient","background":true},{"v":2,"key":{"externalIds.value":1},"name":"externalIds","ns":"portaldb.patient","background":true},{"v":2,"key":{"tenantIds":1,"modificationDate":-1},"name":"tenantIdsModificationDate","ns":"portaldb.patient","background":true},{"v":2,"key":{"diagnoses.code":1},"name":"diagnoses.code_1","ns":"portaldb.patient"}],"uuid":"ad254dd7db61417eb764f304645ae94e"}