{"options":{},"indexes":[{"v":2,"key":{"_id":1},"name":"_id_","ns":"portaldb.tenant"},{"v":2,"key":{"locations.eFaxes.faxNumber":1},"name":"byEFax","ns":"portaldb.tenant","background":true},{"v":2,"key":{"modificationDate":1},"name":"byModificationDate","ns":"portaldb.tenant","background":true},{"v":2,"key":{"oidSuffix":1},"name":"byOid","ns":"portaldb.tenant","background":true},{"v":2,"key":{"drChronoPracticeGroupId":1},"name":"byDrchronoPracticeId","ns":"portaldb.tenant","background":true},{"v":2,"key":{"awsCustomerId":1},"name":"byAwsCustomerId","ns":"portaldb.tenant","background":true},{"v":2,"key":{"apricityOrgId":1},"name":"byApricityOrganizationId","ns":"portaldb.tenant","background":true}],"uuid":"7b99de1e136f497a8b188f27a9102a02"}