{"options":{},"indexes":[{"v":2,"key":{"_id":1},"name":"_id_","ns":"portaldb.user"},{"v":2,"key":{"tenantIds":1,"login":1},"name":"tenantIdsLogin","ns":"portaldb.user","background":true},{"v":2,"key":{"login":1},"name":"login","ns":"portaldb.user","background":true},{"v":2,"key":{"tenantIds":1,"userType":1},"name":"tenantIdsType","ns":"portaldb.user","background":true},{"v":2,"key":{"userType":1},"name":"type","ns":"portaldb.user","background":true},{"v":2,"key":{"modificationDate":1},"name":"modificationDate","ns":"portaldb.user","background":true},{"v":2,"key":{"tenantId":1,"login":1},"name":"tenantIdLogin","ns":"portaldb.user","background":true},{"v":2,"key":{"tenantIds":1,"npi":1},"name":"tenantIdsNpi","ns":"portaldb.user","background":true},{"v":2,"key":{"userType":1,"npi":1},"name":"typeAndNpi","ns":"portaldb.user","background":true},{"v":2,"key":{"tenantIds":1,"firstNameLowercase":1},"name":"tenantIdsFirstNameLowercase","ns":"portaldb.user","background":true},{"v":2,"key":{"firstNameLowercase":1},"name":"firstNameLowercase","ns":"portaldb.user","background":true},{"v":2,"key":{"firstName":1,"firstNameLowercase":1},"name":"firstNameAndLowercase","ns":"portaldb.user","background":true},{"v":2,"key":{"tenantIds":1,"lastNameLowercase":1},"name":"tenantIdsLastNameLowercase","ns":"portaldb.user","background":true},{"v":2,"key":{"lastNameLowercase":1},"name":"lastNameLowercase","ns":"portaldb.user","background":true},{"v":2,"key":{"lastName":1,"lastNameLowercase":1},"name":"lastNameAndLowercase","ns":"portaldb.user","background":true},{"v":2,"key":{"tenantIds":1,"middleNameLowercase":1},"name":"tenantIdsMiddleNameLowercase","ns":"portaldb.user","background":true},{"v":2,"key":{"middleNameLowercase":1},"name":"middleNameLowercase","ns":"portaldb.user","background":true},{"v":2,"key":{"middleName":1,"middleNameLowercase":1},"name":"middleNameAndLowercase","ns":"portaldb.user","background":true},{"v":2,"key":{"tenantIds":1,"email":1},"name":"tenantIdsEmail","ns":"portaldb.user","background":true},{"v":2,"key":{"email":1},"name":"email","ns":"portaldb.user","background":true},{"v":2,"key":{"userType":1,"tenantId":1},"name":"typeAndTenantId","ns":"portaldb.user","background":true},{"v":2,"key":{"patientData.globalId":1},"name":"patientGlobalId","ns":"portaldb.user","background":true},{"v":2,"key":{"patientData.tenantId":1},"name":"patientTenantId","ns":"portaldb.user","background":true},{"v":2,"key":{"drChronoUserId":1},"name":"drChronoUserId","ns":"portaldb.user","background":true},{"v":2,"key":{"externalIds.value":1},"name":"externalIds","ns":"portaldb.user","background":true},{"v":2,"key":{"userType":1,"faxNumbers.number":1},"name":"typeAndFax","ns":"portaldb.user","background":true}],"uuid":"5d17d4539f7b4193bb5d43aab2f55c43"}